text,label
Always destined to be measured against Anthony Asquith 's acclaimed 1952 screen adaptation .,positive
"A droll , bitchy frolic which pokes fun at the price of popularity and small-town pretension in the Lone Star State .",negative
than ` Magnifique ' .,neutral
"After seeing the film , I can tell you that there 's no other reason why anyone should bother remembering it .",very negative
MY LITTLE EYE is the best little `` horror '' movie I 've seen in years .,very positive
The best movie in many a moon about the passions that sometimes fuel our best achievements and other times leave us stranded with nothing more than our lesser appetites .,positive
The plot is paper-thin and the characters are n't interesting enough to watch them go about their daily activities for two whole hours .,very negative
"Texan director George Ratliff had unlimited access to families and church meetings , and he delivers fascinating psychological fare .",very positive
"It 's actually pretty funny , but in all the wrong places .",neutral
"In its chicken heart , Crush goes to absurd lengths to duck the very issues it raises .",negative
"( The digital effects ) reminded me of Terry Gilliam 's rudimentary old Monty Python cartoons , in which he would cut out figures from drawings and photographs and paste them together .",neutral
Amazingly dopey .,positive
"If Divine Secrets of the Ya-Ya Sisterhood suffers from a ploddingly melodramatic structure , it comes to life in the performances .",negative
"Try as you might to scrutinize the ethics of Kaufman 's approach , somehow it all comes together to create a very compelling , sensitive , intelligent and almost cohesive piece of film entertainment .",very positive
A cleverly crafted but ultimately hollow mockumentary .,negative
"Despite Hoffman 's best efforts , Wilson remains a silent , lumpish cipher ; his encounters reveal nothing about who he is or who he was before .",neutral
"Oedekerk mugs mercilessly , and the genuinely funny jokes are few and far between .",very negative
"Interesting , but not compelling .",neutral
"Human Nature , in short , is n't nearly as funny as it thinks it is ; neither is it as smart .",negative
"There 's a thin line between likably old-fashioned and fuddy-duddy , and The Count of Monte Cristo ... never quite settles on either side .",neutral
... a mostly boring affair with a confusing sudden finale that 's likely to irk viewers .,neutral
Not just unlikable .,negative
"`` 13 Conversations '' holds its goodwill close , but is relatively slow to come to the point .",neutral
"As immaculate as Stuart Little 2 is , it could be a lot better if it were , well , more adventurous .",positive
"This little film is so slovenly done , so primitive in technique , that it ca n't really be called animation .",very negative
It 's no accident that The Accidental Spy is a solid action pic that returns the martial arts master to top form .,very positive
"Any Chekhov is better than no Chekhov , but it would be a shame if this was your introduction to one of the greatest plays of the last 100 years .",neutral
"Zhuangzhuang creates delicate balance of style , text , and subtext that 's so simple and precise that anything discordant would topple the balance , but against all odds , nothing does .",positive
The actors must indeed be good to recite some of this laughable dialogue with a straight face .,negative
These people are really going to love The Piano Teacher .,very positive
Just the labour involved in creating the layered richness of the imagery in this chiaroscuro of madness and light is astonishing .,very positive
"Go , girls , right down the reality drain .",negative
Evokes the style and flash of the double-cross that made Mamet 's `` House of Games '' and last fall 's `` Heist '' so much fun .,positive
Yet this one makes up for in heart what it lacks in outright newness .,positive
The moral shrapnel and mental shellshock will linger long after this film has ended .,positive
"It 's a familiar story , but one that is presented with great sympathy and intelligence .",positive
"It should be doing a lot of things , but does n't .",very negative
"It dabbles all around , never gaining much momentum .",negative
It 's better than The Phantom Menace .,positive
But it 's hardly a necessary enterprise .,negative
Works because Reno does n't become smug or sanctimonious towards the audience .,very positive
"Think of it as Gidget , only with muscles and a lot more smarts , but just as endearing and easy to watch .",very positive
"The story is so light and sugary that were it a Macy 's Thanksgiving Day Parade balloon , extra heavy-duty ropes would be needed to keep it from floating away .",neutral
"Elegantly crafted but emotionally cold , a puzzle whose intricate construction one can admire but is difficult to connect with on any deeper level .",negative
"Asks what truth can be discerned from non-firsthand experience , and specifically questions cinema 's capability for recording truth .",positive
I 'm not sure which will take longer to heal : the welt on Johnny Knoxville 's stomach from a riot-control projectile or my own tortured psyche .,very negative
Too bad Kramer could n't make a guest appearance to liven things up .,negative
Do n't even bother to rent this on video .,very negative
Ferrara 's best film in years .,very positive
A movie so bad that it quickly enters the pantheon of wreckage that includes Battlefield Earth and Showgirls .,very negative
This long and relentlessly saccharine film is a clear case of preaching to the converted .,very negative
"Your response to its new sequel , Analyze That , may hinge on what you thought of the first film .",neutral
"It 's a testament to the film 's considerable charm that it succeeds in entertaining , despite playing out like a feature-length sitcom replete with stereotypical familial quandaries .",positive
"With minimal imagination , you could restage the whole thing in your bathtub .",negative
"Other than the slightly flawed ( and fairly unbelievable ) finale , everything else is top shelf .",positive
A terrible movie that some people will nevertheless find moving .,very negative
"Scooby-Doo does n't know if it wants to be a retro-refitting exercise in campy recall for older fans or a silly , Nickelodeon-esque kiddie flick .",negative
The movie 's blatant derivativeness is one reason it 's so lackluster .,negative
"Due to stodgy , soap opera-ish dialogue , the rest of the cast comes across as stick figures reading lines from a TelePrompTer .",very negative
"Complex , sinuously plotted and , somehow , off-puttingly cold .",negative
"A waterlogged version of ` Fatal Attraction ' for the teeny-bopper set ... a sad , soggy potboiler that wastes the talents of its attractive young leads .",negative
Somehow Ms. Griffiths and Mr. Pryce bring off this wild Welsh whimsy .,positive
Nor is it a romantic comedy .,neutral
"While it has definite weaknesses -- like a rather unbelievable love interest and a meandering ending -- this '60s caper film is a riveting , brisk delight .",positive
They were right .,neutral
Well cast and well directed - a powerful drama with enough sardonic wit to keep it from being maudlin .,very positive
"This English-language version ... does full honor to Miyazaki 's teeming and often unsettling landscape , and to the conflicted complexity of his characters .",neutral
While the frequent allusions to gurus and doshas will strike some Westerners as verging on mumbo-jumbo ... broad streaks of common sense emerge with unimpeachable clarity .,positive
Surprisingly powerful and universal .,very positive
An unflinching look at the world 's dispossessed .,neutral
"In Death to Smoochy , we do n't get Williams ' usual tear and a smile , just sneers and bile , and the spectacle is nothing short of refreshing .",positive
"A compassionate , moving portrait of an American ( and an America ) always reaching for something just outside his grasp .",very positive
It is n't scary .,negative
"Like its predecessor , it 's no classic , but it provides a reasonably attractive holiday contraption , one that families looking for a clean , kid-friendly outing should investigate .",neutral
Features Fincher 's characteristically startling visual style and an almost palpable sense of intensity .,positive
"It 's a drawling , slobbering , lovable run-on sentence of a film , a Southern Gothic with the emotional arc of its raw blues soundtrack .",neutral
"It 's a treat watching Shaw , a British stage icon , melting under the heat of Phocion 's attentions .",positive
An unsuccessful attempt at a movie of ideas .,negative
"There is no substitute for on-screen chemistry , and when Friel pulls the strings that make Williams sink into melancholia , the reaction in Williams is as visceral as a gut punch .",very positive
"The animation is competent , and some of the gags are quite funny , but Jonah ... never shakes the oppressive , morally superior good-for-you quality that almost automatically accompanies didactic entertainment .",neutral
Leaves viewers out in the cold and undermines some phenomenal performances .,negative
Both deserve better .,negative
It 's a mindless action flick with a twist -- far better suited to video-viewing than the multiplex .,negative
"It 's refreshing that someone understands the need for the bad boy ; Diesel , with his brawny frame and cool , composed delivery , fits the bill perfectly .",very positive
A high-minded snoozer .,negative
"I admire the closing scenes of the film , which seem to ask whether our civilization offers a cure for Vincent 's complaint .",positive
"Think The Lion King redone for horses , with fewer deliberate laughs , more inadvertent ones and stunningly trite songs by Bryan Adams , the world 's most generic rock star .",very negative
A plodding teen remake that 's so mechanical you can smell the grease on the plot twists .,very negative
"This starts off with a 1950 's Doris Day feel and it gets very ugly , very fast .",negative
"National Lampoon 's Van Wilder may aim to be the next Animal House , but it more closely resembles this year 's version of Tomcats .",neutral
Barry Sonnenfeld owes Frank the Pug big time,neutral
Not so much farcical as sour .,negative
"If I want music , I 'll buy the soundtrack .",negative
"You get the idea , though , that Kapur intended the film to be more than that .",neutral
A puppy dog so desperate for attention it nearly breaks its little neck trying to perform entertaining tricks .,negative
The sound of GUNFIRE and cell phones RINGING .,neutral
"Dogtown is hollow , self-indulgent , and - worst of all - boring .",negative
"It wo n't harm anyone , but neither can I think of a very good reason to rush right out and see it .",neutral
"A minor work yet there 's no denying the potency of Miller 's strange , fleeting brew of hopeful perseverance and hopeless closure .",neutral
"One Hour Photo may seem disappointing in its generalities , but it 's the little nuances that perhaps had to escape from director Mark Romanek 's self-conscious scrutiny to happen , that finally get under your skin .",negative
"Made for teens and reviewed as such , this is recommended only for those under 20 years of age ... and then only as a very mild rental .",neutral
Those who want to be jolted out of their gourd should drop everything and run to Ichi .,positive
"Sweet Home Alabama is one dumb movie , but its stupidity is so relentlessly harmless that it almost wins you over in the end .",neutral
"Overall , it 's a very entertaining , thought-provoking film with a simple message : God is love .",very positive
"Despite its promising cast of characters , Big Trouble remains a loosely tied series of vignettes which only prove that ` zany ' does n't necessarily mean ` funny . '",negative
Even Murphy 's expert comic timing and famed charisma ca n't rescue this effort .,negative
A zinger-filled crowd-pleaser that open-minded Elvis fans ( but by no means all ) will have fun with .,very positive
Malone does have a gift for generating nightmarish images that will be hard to burn out of your brain .,neutral
` Hey Arnold ! ',neutral
"Spielberg 's first real masterpiece , it deserved all the hearts it won -- and wins still , 20 years later .",very positive
"It works well enough , since the thrills pop up frequently , and the dispatching of the cast is as often imaginative as it is gory .",positive
"Spectators will indeed sit open-mouthed before the screen , not screaming but yawning .",negative
Directors Brett Morgen and Nanette Burstein have put together a bold biographical fantasia .,very positive
Never inspires more than an interested detachment .,negative
"No matter how firmly director John Stainton has his tongue in his cheek , the fact remains that a wacky concept does not a movie make .",neutral
"Director Carl Franklin , so crisp and economical in One False Move , bogs down in genre cliches here .",positive
"The cast ... keeps this pretty watchable , and casting Mick Jagger as director of the escort service was inspired .",positive
Abandon spends 90 minutes trying figure out whether or not some cocky pseudo-intellectual kid has intentionally left college or was killed .,negative
"Its metaphors are opaque enough to avoid didacticism , and the film succeeds as an emotionally accessible , almost mystical work .",positive
"Though overall an overwhelmingly positive portrayal , the film does n't ignore the more problematic aspects of Brown 's life .",positive
-- that the ` true story ' by which All the Queen 's Men is allegedly `` inspired '' was a lot funnier and more deftly enacted than what 's been cobbled together onscreen .,negative
"Beautifully crafted , engaging filmmaking that should attract upscale audiences hungry for quality and a nostalgic , twisty yarn that will keep them guessing .",very positive
"Art-house to the core , Read My Lips is a genre-curling crime story that revives the free-wheeling noir spirit of old French cinema .",positive
"Costner 's warm-milk persona is just as ill-fitting as Shadyac 's perfunctory directing chops , and some of the more overtly silly dialogue would sink Laurence Olivier .",negative
"Egoyan 's work often elegantly considers various levels of reality and uses shifting points of view , but here he has constructed a film so labyrinthine that it defeats his larger purpose .",neutral
"Take Care is nicely performed by a quintet of actresses , but nonetheless it drags during its 112-minute length .",negative
"Goldbacher draws on an elegant visual sense and a talent for easy , seductive pacing ... but she and writing partner Laurence Coriat do n't manage an equally assured narrative coinage .",positive
Schrader examines Crane 's decline with unblinking candor .,positive
"Tsai Ming-liang 's witty , wistful new film , What Time Is It There ?",positive
Go back to sleep .,negative
It 's not as awful as some of the recent Hollywood trip tripe ... but it 's far from a groundbreaking endeavor .,negative
"A strong script , powerful direction and splendid production design allows us to be transported into the life of Wladyslaw Szpilman , who is not only a pianist , but a good human being .",very positive
A solidly entertaining little film .,positive
"Jackson shamefully strolls through this mess with a smug grin , inexplicably wearing a kilt and carrying a bag of golf clubs over one shoulder .",negative
"If you ignore the cliches and concentrate on City by the Sea 's interpersonal drama , it ai n't half-bad .",neutral
"Muccino seems to be exploring the idea of why human beings long for what they do n't have , and how this gets us in trouble .",positive
"an admirable , sometimes exceptional film",very positive
"An easy watch , except for the annoying demeanour of its lead character .",neutral
It turns out to be smarter and more diabolical than you could have guessed at the beginning .,very positive
"Simply put , there should have been a more compelling excuse to pair Susan Sarandon and Goldie Hawn .",negative
The Transporter bombards the viewer with so many explosions and side snap kicks that it ends up being surprisingly dull .,negative
"Often overwrought and at times positively irritating , the film turns into an engrossing thriller almost in spite of itself .",neutral
LaBute 's careful handling makes the material seem genuine rather than pandering .,very positive
The gags are often a stitch .,positive
And it 's a lousy one at that .,very negative
As lively an account as Seinfeld is deadpan .,negative
"The film sounds like the stuff of lurid melodrama , but what makes it interesting as a character study is the fact that the story is told from Paul 's perspective .",positive
I like this movie a lot .,very positive
I wish it would have just gone more over-the-top instead of trying to have it both ways .,negative
"It 's all arty and jazzy and people sit and stare and turn away from one another instead of talking and it 's all about the silences and if you 're into that , have at it .",negative
There 's something fishy about a seasonal holiday kids ' movie ... that derives its moment of most convincing emotional gravity from a scene where Santa gives gifts to grownups .,negative
Less front-loaded and more shapely than the two-hour version released here in 1990 .,neutral
It 's quite diverting nonsense .,negative
Damon brings the proper conviction to his role as ( Jason Bourne ) .,positive
"Better still , he does all of this , and more , while remaining one of the most savagely hilarious social critics this side of Jonathan Swift .",very positive
A well-acted movie that simply does n't gel .,neutral
"As violent , profane and exploitative as the most offensive action flick you 've ever seen .",negative
Same guy with both hats .,neutral
"Yet another genre exercise , Gangster No. 1 is as generic as its title .",negative
"Maybe LeBlanc thought , `` Hey , the movie about the baseball-playing monkey was worse . ''",negative
"This film is so different from The Apple and so striking that it can only encourage us to see Samira Makhmalbaf as a very distinctive sensibility , working to develop her own film language with conspicuous success .",positive
"Though there are entertaining and audacious moments , the movie 's wildly careening tone and an extremely flat lead performance do little to salvage this filmmaker 's flailing reputation .",negative
It may also be the best sex comedy about environmental pollution ever made .,very positive
An average kid-empowerment fantasy with slightly above-average brains .,positive
Morvern rocks .,very positive
"Given too much time to consider the looseness of the piece , the picture begins to resemble the shapeless , grasping actors ' workshop that it is .",very negative
"Boll uses a lot of quick cutting and blurry step-printing to goose things up , but dopey dialogue and sometimes inadequate performances kill the effect .",very negative
Seems like something American and European gay movies were doing 20 years ago .,negative
Byler is too savvy a filmmaker to let this morph into a typical romantic triangle .,positive
"About a Boy vividly recalls the Cary Grant of Room for One More , Houseboat and Father Goose in its affectionate depiction of the gentle war between a reluctant , irresponsible man and the kid who latches onto him .",neutral
"I walked away not really know who `` they '' were , what `` they '' looked like .",negative
"Never decides whether it wants to be a black comedy , drama , melodrama or some combination of the three .",negative
The camera twirls !,neutral
"Imagine the CleanFlicks version of ` Love Story , ' with Ali MacGraw 's profanities replaced by romance-novel platitudes .",negative
"Passion , melodrama , sorrow , laugther , and tears cascade over the screen effortlessly ...",positive
No surprises .,negative
"A much more successful translation than its most famous previous film adaptation , writer-director Anthony Friedman 's similarly updated 1970 British production .",positive
A dazzling thing to behold -- as long as you 're wearing the somewhat cumbersome 3D goggles the theater provides .,positive
Drumline ably captures the complicated relationships in a marching band .,positive
One scene after another in this supposedly funny movie falls to the floor with a sickening thud .,negative
"She nearly glows with enthusiasm , sensuality and a conniving wit .",positive
"but rather , ` How can you charge money for this ? '",very negative
Aan opportunity wasted .,negative
Changing Lanes is an anomaly for a Hollywood movie ; it 's a well-written and occasionally challenging social drama that actually has something interesting to say .,very positive
Proof of this is Ballistic : Ecks vs. Sever .,neutral
Rosenthal ( Halloween II ) seems to have forgotten everything he ever knew about generating suspense .,negative
Watching a Brian DePalma movie is like watching an Alfred Hitchcock movie after drinking twelve beers .,negative
"Godard uses his characters -- if that 's not too glorified a term -- as art things , mouthpieces , visual motifs , blanks .",negative
The rare Imax movie that you 'll wish was longer than an hour .,positive
"Despite its floating narrative , this is a remarkably accessible and haunting film .",very positive
The innate theatrics that provide its thrills and extreme emotions lose their luster when flattened onscreen .,very negative
"Like Kissing Jessica Stein , Amy 's Orgasm has a key strength in its willingness to explore its principal characters with honesty , insight and humor .",positive
"Since the movie is based on a Nicholas Sparks best seller , you know death is lurking around the corner , just waiting to spoil things .",neutral
It 's the unsettling images of a war-ravaged land that prove more potent and riveting than the unlikely story of Sarah and Harrison .,neutral
"At the one-hour mark , Herzog simply runs out of ideas and the pace turns positively leaden as the movie sputters to its inevitable tragic conclusion .",very negative
There 's already been too many of these films ...,very negative
"Leave it to the French to truly capture the terrifying angst of the modern working man without turning the film into a cheap thriller , a dumb comedy or a sappy melodrama .",very positive
"In the director 's cut , the film is not only a love song to the movies but it also is more fully an example of the kind of lush , all-enveloping movie experience it rhapsodizes .",positive
"Directed without the expected flair or imagination by Hong Kong master John Woo , Windtalkers airs just about every cliche in the war movie compendium across its indulgent two-hour-and-fifteen-minute length .",negative
It 's that painful .,very negative
Some remarkable achival film about how Shanghai ( of all places ) served Jews who escaped the Holocaust .,positive
All the movie 's narrative gymnastics ca n't disguise the fact that it 's inauthentic at its core and that its story just is n't worth telling .,very negative
Blood Work is laughable in the solemnity with which it tries to pump life into overworked elements from Eastwood 's Dirty Harry period .,negative
Read My Lips is to be viewed and treasured for its extraordinary intelligence and originality as well as its lyrical variations on the game of love .,very positive
A selection of scenes in search of a movie .,negative
What 's worse is that Pelosi knows it .,negative
"Has all the hallmarks of a movie designed strictly for children 's home video , a market so insatiable it absorbs all manner of lame entertainment , as long as 3-year-olds find it diverting .",negative
"All the more disquieting for its relatively gore-free allusions to the serial murders , but it falls down in its attempts to humanize its subject .",negative
"Brutally honest and told with humor and poignancy , which makes its message resonate .",very positive
A moving and important film .,very positive
It 's hard to imagine that even very small children will be impressed by this tired retread .,very negative
"For a movie about the power of poetry and passion , there is precious little of either .",negative
"Supposedly , Pokemon ca n't be killed , but Pokemon 4Ever practically assures that the pocket monster movie franchise is nearly ready to keel over .",negative
Plotless collection of moronic stunts is by far the worst movie of the year .,very negative
"It falls far short of poetry , but it 's not bad prose .",positive
Brisk hack job .,very negative
Interesting both as a historical study and as a tragic love story .,positive
Lawrence should stick to his day job .,negative
"Deuces Wild treads heavily into Romeo and Juliet\/West Side Story territory , where it plainly has no business going .",negative
The obnoxious title character provides the drama that gives added clout to this doc .,positive
Mel Gibson fights the good fight in Vietnam in director Randall Wallace 's flag-waving war flick with a core of decency .,positive
"The only problem is that , by the end , no one in the audience or the film seems to really care .",very negative
"Real Women may have many agendas , but it also will win you over , in a big way .",very positive
"The story line may be 127 years old , but El Crimen del Padre Amaro ... could n't be more timely in its despairing vision of corruption within the Catholic establishment .",positive
"Many of the effective horror elements are dampened through familiarity , ( yet ) are worthwhile .",neutral
"In a summer overrun with movies dominated by CGI aliens and super heroes , it revigorates the mind to see a feature that concentrates on people , a project in which the script and characters hold sway .",very positive
Cedar somewhat defuses this provocative theme by submerging it in a hoary love triangle .,positive
Long on twinkly-eyed close-ups and short on shame .,negative
A poky and pseudo-serious exercise in sham actor workshops and an affected malaise .,very negative
"Executed with such gentle but insistent sincerity , with such good humor and appreciation of the daily grind that only the most hardhearted Scrooge could fail to respond .",very positive
It 's loud and boring ; watching it is like being trapped at a bad rock concert .,negative
"The new Insomnia is a surprisingly faithful remake of its chilly predecessor , and when it does elect to head off in its own direction , it employs changes that fit it well rather than ones that were imposed for the sake of commercial sensibilities .",positive
"And as with most late-night bull sessions , eventually the content is n't nearly as captivating as the rowdy participants think it is .",negative
"Though Frodo 's quest remains unfulfilled , a hardy group of determined New Zealanders has proved its creative mettle .",neutral
"For all the complications , it 's all surprisingly predictable .",neutral
An elegant film with often surprising twists and an intermingling of naiveté and sophistication .,positive
"This is a very funny , heartwarming film .",very positive
Japanese director Shohei Imamura 's latest film is an odd but ultimately satisfying blend of the sophomoric and the sublime .,positive
Nair does n't use ( Monsoon Wedding ) to lament the loss of culture .,neutral
Skip this turd and pick your nose instead because you 're sure to get more out of the latter experience .,very negative
The action quickly sinks into by-the-numbers territory .,negative
"Graphic sex may be what 's attracting audiences to Unfaithful , but gripping performances by Lane and Gere are what will keep them awake .",very positive
"Devolves into the derivative , leaning on badly-rendered CGI effects .",negative
Collapses after 30 minutes into a slap-happy series of adolescent violence .,very negative
"( T ) he script is n't up to the level of the direction , nor are the uneven performances by the cast members , who seem bound and determined to duplicate Bela Lugosi 's now-cliched vampire accent .",negative
"An authentically vague , but ultimately purposeless , study in total pandemonium .",negative
Big time .,neutral
( Woo 's ) most resonant film since The Killer .,positive
"Got some good , organic character work , lots of obvious political insights and little room for engaging , imaginative filmmaking in its nearly 2 1\/2 - hour , dissipated length .",positive
"Anyone who wants to start writing screenplays can just follow the same blueprint from hundreds of other films , sell it to the highest bidder and walk away without anyone truly knowing your identity .",negative
It 's a road-trip drama with too many wrong turns .,very negative
I ca n't .,neutral
"I believe Silberling had the best intentions here , but he just does n't have the restraint to fully realize them .",neutral
( A ) stale retread of the '53 original .,negative
"Without a fresh infusion of creativity , 4Ever is neither a promise nor a threat so much as wishful thinking .",negative
"Maryam is a small film , but it offers large rewards .",positive
An ambitious ` what if ? ',positive
"To call this one an eventual cult classic would be an understatement , and woe is the horror fan who opts to overlook this goofily endearing and well-lensed gorefest .",very positive
"Even with its $ 50-million US budget , Pinocchio never quite achieves the feel of a fanciful motion picture .",negative
"At three hours and with very little story or character development , there is plenty of room for editing , and a much shorter cut surely would have resulted in a smoother , more focused narrative without sacrificing any of the cultural intrigue .",negative
"A subtle , poignant picture of goodness that is flawed , compromised and sad .",neutral
"Unfunny comedy with a lot of static set ups , not much camera movement , and most of the scenes take place indoors in formal settings with motionless characters .",very negative
... passable enough for a shoot-out in the o.k. court house of life type of flick .,neutral
A gentle and engrossing character study .,positive
"Like a pack of dynamite sticks , built for controversy .",negative
-- but it makes for one of the most purely enjoyable and satisfying evenings at the movies I 've had in a while .,very positive
"A summer entertainment adults can see without feeling embarrassed , but it could have been more .",positive
"An interesting psychological game of cat-and-mouse , three-dimensional characters and believable performances all add up to a satisfying crime drama .",very positive
The plot meanders from gripping to plodding and back .,neutral
"Ultimately , Sarah 's dedication to finding her husband seems more psychotic than romantic , and nothing in the movie makes a convincing case that one woman 's broken heart outweighs all the loss we witness .",negative
"Like all great films about a life you never knew existed , it offers much to absorb and even more to think about after the final frame .",very positive
A low-key labor of love that strikes a very resonant chord .,positive
Director Roger Kumble offers just enough sweet and traditional romantic comedy to counter the crudity .,positive
"Although no pastry is violated , this nasty comedy pokes fun at the same easy targets as other rowdy raunch-fests -- farts , boobs , unmentionables -- without much success .",negative
"Wraps itself in the guise of a dark and quirky comedy , but it is n't as quirky as it thinks it is and its comedy is generally mean-spirited .",neutral
"The pain , loneliness and insecurity of the screenwriting process are vividly and painfully brought to slovenly life in this self-deprecating , biting and witty feature written by Charlie Kaufman and his twin brother , Donald , and directed by Spike Jonze .",positive
Jackie Chan movies are a guilty pleasure - he 's easy to like and always leaves us laughing .,positive
"If Ayurveda can help us return to a sane regimen of eating , sleeping and stress-reducing contemplation , it is clearly a good thing .",positive
The sinister inspiration that fuelled DeVito 's early work is confused in Death to Smoochy into something both ugly and mindless .,very negative
( A ) crushing disappointment .,very negative
"Just a string of stale gags , with no good inside dope , and no particular bite .",negative
Rodriguez ... was unable to reproduce the special spark between the characters that made the first film such a delight .,neutral
Putting the primitive murderer inside a high-tech space station unleashes a Pandora 's Box of special effects that run the gamut from cheesy to cheesier to cheesiest .,negative
"The entire point of a shaggy dog story , of course , is that it goes nowhere , and this is classic nowheresville in every sense .",negative
The actors try hard but come off too amateurish and awkward .,very negative
Conforms itself with creating a game of ` who 's who ' ... where the characters ' moves are often more predictable than their consequences .,negative
You 'd have to be a most hard-hearted person not to be moved by this drama .,positive
I ca n't say this enough : This movie is about an adult male dressed in pink jammies .,negative
"With wit and empathy to spare , waydowntown acknowledges the silent screams of workaday inertia but stops short of indulging its characters ' striving solipsism .",neutral
"The message of such reflections -- intentional or not -- is that while no art grows from a vacuum , many artists exist in one .",neutral
"Full Frontal , which opens today nationwide , could almost be classified as a movie-industry satire , but it lacks the generous inclusiveness that is the genre 's definitive , if disingenuous , feature .",negative
Never once predictable .,positive
The movie would seem less of a trifle if Ms. Sugarman followed through on her defiance of the saccharine .,negative
"... an hour-and-a-half of inoffensive , unmemorable filler .",very negative
"The attraction between these two marginal characters is complex from the start -- and , refreshingly , stays that way .",positive
This harrowing journey into combat hell vividly captures the chaotic insanity and personal tragedies that are all too abundant when human hatred spews forth unchecked .,neutral
"Sinks so low in a poorly played game of absurd plot twists , idiotic court maneuvers and stupid characters that even Freeman ca n't save it .",very negative
Kinnear ... gives his best screen performance with an oddly winning portrayal of one of life 's ultimate losers .,very positive
"Tells a fascinating , compelling story .",very positive
"The inevitable double - and triple-crosses arise , but the only drama is in waiting to hear how John Malkovich 's reedy consigliere will pronounce his next line .",neutral
The pace and the visuals are so hyped up that a curious sense of menace informs everything .,neutral
A few pieces of the film buzz and whir ; very little of it actually clicks .,negative
"It is a strength of a documentary to disregard available bias , especially as temptingly easy as it would have been with this premise .",positive
"Laughably , irredeemably awful .",very negative
This is not an easy film .,negative
"Like a veteran head cutter , Barbershop is tuned in to its community .",positive
"There is a subversive element to this Disney cartoon , providing unexpected fizzability .",positive
A family-friendly fantasy that ends up doing very little with its imaginative premise .,neutral
"A muddled limp biscuit of a movie , a vampire soap opera that does n't make much sense even on its own terms .",very negative
But ticket-buyers with great expectations will wind up as glum as Mr. De Niro .,very negative
"But Windtalkers does n't beat that one , either .",negative
"Twenty-three movies into a mostly magnificent directorial career , Clint Eastwood 's efficiently minimalist style finally has failed him .",negative
Has a customarily jovial air but a deficit of flim-flam inventiveness .,negative
"Here is a divine monument to a single man 's struggle to regain his life , his dignity and his music .",very positive
"The fascination comes in the power of the Huston performance , which seems so larger than life and yet so fragile , and in the way the Ivan character accepts the news of his illness so quickly but still finds himself unable to react .",positive
A remarkable film by Bernard Rose .,very positive
"A big , loud , bang-the-drum bore .",negative
"Some movies can get by without being funny simply by structuring the scenes as if they were jokes : a setup , delivery and payoff .",neutral
"The histrionic muse still eludes Madonna and , playing a charmless witch , she is merely a charmless witch .",negative
"It 's a square , sentimental drama that satisfies , as comfort food often can .",positive
When the twist endings were actually surprising ?,neutral
"Argento , at only 26 , brings a youthful , out-to-change-the-world aggressiveness to the project , as if she 's cut open a vein and bled the raw film stock .",positive
Definitely worth 95 minutes of your time .,very positive
As steamy as last week 's pork dumplings .,very negative
"We can tell what it is supposed to be , but ca n't really call it a work of art .",negative
"Fails in making this character understandable , in getting under her skin , in exploring motivation ... Well before the end , the film grows as dull as its characters , about whose fate it is hard to care .",very negative
Maintains your sympathy for this otherwise challenging soul by letting you share her one-room world for a while .,positive
... Rogers 's mouth never stops shut about the war between the sexes and how to win the battle .,positive
"At the end , when the now computerized Yoda finally reveals his martial artistry , the film ascends to a kinetic life so teeming that even cranky adults may rediscover the quivering kid inside .",positive
Not at all clear what it 's trying to say and even if it were -- I doubt it would be all that interesting .,very negative
"I 'm sure the filmmaker would disagree , but , honestly , I do n't see the point .",negative
"It 's at once laughable and compulsively watchable , in its committed dumbness .",positive
"This fascinating look at Israel in ferment feels as immediate as the latest news footage from Gaza and , because of its heightened , well-shaped dramas , twice as powerful .",very positive
That the film opens with maggots crawling on a dead dog is not an out of place metaphor .,negative
The directive to protect the code at all costs also begins to blur as the importance of the man and the code merge,neutral
One gets the impression the creators of Do n't Ask Do n't Tell laughed a hell of a lot at their own jokes .,neutral
I liked a lot of the smaller scenes .,positive
near the end takes on a whole other meaning .,neutral
Kids who are into this Thornberry stuff will probably be in wedgie heaven .,positive
A very depressing movie of many missed opportunities .,very negative
"feeling to it , but like the 1920 's , the trip there is a great deal of fun .",positive
"This odd , poetic road movie , spiked by jolts of pop music , pretty much takes place in Morton 's ever-watchful gaze -- and it 's a tribute to the actress , and to her inventive director , that the journey is such a mesmerizing one .",very positive
A compelling motion picture that illustrates an American tragedy .,very positive
The premise of Jason X is silly but strangely believable .,positive
This follow-up seems so similar to the 1953 Disney classic that it makes one long for a geriatric Peter .,neutral
This film can only point the way -- but thank goodness for this signpost .,positive
"A naturally funny film , Home Movie makes you crave Chris Smith 's next movie .",very positive
One of the best of a growing strain of daring films ... that argue that any sexual relationship that does n't hurt anyone and works for its participants is a relationship that is worthy of our respect .,positive
"A weird , arresting little ride .",positive
"This sensitive , smart , savvy , compelling coming-of-age drama delves into the passive-aggressive psychology of co-dependence and the struggle for self-esteem .",very positive
Contradicts everything we 've come to expect from movies nowadays .,positive
By turns very dark and very funny .,very positive
"A ` Girls Gone Wild ' video for the boho art-house crowd , The Burning Sensation is n't a definitive counter-cultural document -- its makers are n't removed and inquisitive enough for that .",very negative
Any attempts at nuance given by the capable cast is drowned out by director Jon Purdy 's sledgehammer sap .,negative
"At its best , it 's Black Hawk Down with more heart .",positive
Beautiful to watch and holds a certain charm .,very positive
"When all is said and done , she loves them to pieces -- and so , I trust , will you .",positive
Cage makes an unusual but pleasantly haunting debut behind the camera .,positive
The Good Girl is a film in which the talent is undeniable but the results are underwhelming .,negative
Very well-written and very well-acted .,very positive
"In its dry and forceful way , it delivers the same message as Jiri Menzel 's Closely Watched Trains and Danis Tanovic 's No Man 's Land .",positive
Drowning 's too good for this sucker .,negative
Quelle surprise !,neutral
So original in its base concept that you can not help but get caught up .,very positive
"After a while , Hoffman 's quirks and mannerisms , particularly his penchant for tearing up on cue -- things that seem so real in small doses -- become annoying and artificial .",negative
This is an exercise not in biography but in hero worship .,negative
"But it will just as likely make you weep , and it will do so in a way that does n't make you feel like a sucker .",positive
"A venturesome , beautifully realized psychological mood piece that reveals its first-time feature director 's understanding of the expressive power of the camera .",very positive
"Instead of trying to bust some blondes , ( Diggs ) should be probing why a guy with his talent ended up in a movie this bad .",negative
A tour de force of modern cinema .,positive
"Instead of making his own style , director Marcus Adams just copies from various sources -- good sources , bad mixture",very negative
"The film makes strong arguments regarding the social status of America 's indigenous people , but really only exists to try to eke out an emotional tug of the heart , one which it fails to get .",neutral
( Breheny 's ) lensing of the New Zealand and Cook Island locations captures both the beauty of the land and the people .,very positive
... `` Bowling for Columbine '' remains a disquieting and thought-provoking film ...,positive
"Steers , in his feature film debut , has created a brilliant motion picture .",very positive
"While most films these days are about nothing , this film seems to be about everything that 's plaguing the human spirit in a relentlessly globalizing world .",positive
I found myself growing more and more frustrated and detached as Vincent became more and more abhorrent .,negative
"This is n't a retooled genre piece , the tale of a guy and his gun , but an amiably idiosyncratic work .",neutral
"I admire it and yet can not recommend it , because it overstays its natural running time .",negative
"The kids in the audience at the preview screening seemed bored , cheering the pratfalls but little else ; their parents , wise folks that they are , read books .",negative
Swiftly deteriorates into a terribly obvious melodrama and rough-hewn vanity project for lead actress Andie MacDowell .,very negative
"... is there a deeper , more direct connection between these women , one that spans time and reveals meaning ?",neutral
"While there 's likely very little crossover appeal to those without much interest in the Elizabethans ( as well as rank frustration from those in the know about Rubbo 's dumbed-down tactics ) , Much Ado About Something is an amicable endeavor .",positive
Serious and thoughtful .,very positive
"Lovingly photographed in the manner of a Golden Book sprung to life , Stuart Little 2 manages sweetness largely without stickiness .",very positive
The difference between Cho and most comics is that her confidence in her material is merited .,positive
"The movie is amateurish , but it 's a minor treat .",positive
"Such a fine idea for a film , and such a stultifying , lifeless execution .",negative
Each scene wreaks of routine ; the film never manages to generate a single threat of suspense .,neutral
"At a time when commercialism has squeezed the life out of whatever idealism American moviemaking ever had , Godfrey Reggio 's career shines like a lonely beacon .",positive
"Not counting a few gross-out comedies I 've been trying to forget , this is the first film in a long time that made me want to bolt the theater in the first 10 minutes .",very negative
The first five minutes will have you talking 'til the end of the year !,positive
"The band performances featured in Drumline are red hot ... ( but ) from a mere story point of view , the film 's ice cold .",neutral
"A playful Iranian parable about openness , particularly the need for people of diverse political perspectives to get along despite their ideological differences .",positive
"Antwone Fisher certainly does the trick of making us care about its protagonist and celebrate his victories but , with few exceptions , it rarely stoops to cheap manipulation or corny conventions to do it .",positive
into Scrooge .,neutral
Troll the cult section of your local video store for the real deal .,neutral
Let 's hope not .,neutral
"The Tuxedo was n't just bad ; it was , as my friend David Cross would call it , ` Hungry-Man portions of bad ' .",negative
"Shanghai Ghetto should be applauded for finding a new angle on a tireless story , but you might want to think twice before booking passage .",neutral
"There 's not a spark of new inspiration in it , just more of the same , done with noticeably less energy and imagination .",negative
"By the time it ends in a rush of sequins , flashbulbs , blaring brass and back-stabbing babes , it has said plenty about how show business has infiltrated every corner of society -- and not always for the better .",neutral
Eckstraordinarily lame and Severely boring .,neutral
"No , I hate it .",very negative
"A formula family tearjerker told with a heavy Irish brogue ... accentuating , rather than muting , the plot 's saccharine thrust .",positive
Another love story in 2002 's remarkable procession of sweeping pictures that have reinvigorated the romance genre .,positive
"As Schmidt , Nicholson walks with a slow , deliberate gait , chooses his words carefully and subdues his natural exuberance .",neutral
Serious movie-goers embarking upon this journey will find that The Road to Perdition leads to a satisfying destination .,very positive
"One of those based-on-truth stories that persuades you , with every scene , that it could never really have happened this way .",neutral
But it does somehow manage to get you under its spell .,positive
"If you are curious to see the darker side of what 's going on with young TV actors ( Dawson Leery did what ?!? ) , or see some interesting storytelling devices , you might want to check it out , but there 's nothing very attractive about this movie .",negative
"On a certain base level , Blue Crush delivers what it promises , just not well enough to recommend it .",neutral
"Earnest , unsubtle and Hollywood-predictable , Green Dragon is still a deeply moving effort to put a human face on the travail of thousands of Vietnamese .",positive
"It may not be a great piece of filmmaking , but its power comes from its soul 's - eye view of how well-meaning patronizing masked a social injustice , at least as represented by this case .",positive
"What I saw , I enjoyed .",very positive
Entertaining but like shooting fish in a barrel .,neutral
A feel-good movie that does n't give you enough to feel good about .,negative
"A melancholy , emotional film .",neutral
"As it stands , there 's some fine sex onscreen , and some tense arguing , but not a whole lot more .",neutral
"insightfully written , delicately performed",very positive
One of the most splendid entertainments to emerge from the French film industry in years .,very positive
"A very familiar tale , one that 's been told by countless filmmakers about Italian - , Chinese - , Irish - , Latin - , Indian - , Russian - and other hyphenate American young men struggling to balance conflicting cultural messages .",neutral
"It lets you brush up against the humanity of a psycho , without making him any less psycho .",positive
"Thanks to confident filmmaking and a pair of fascinating performances , the way to that destination is a really special walk in the woods .",very positive
Its director 's most substantial feature for some time .,positive
The large-format film is well suited to capture these musicians in full regalia and the incredible IMAX sound system lets you feel the beat down to your toes .,very positive
The director 's many dodges and turns add up to little more than a screenful of gamesmanship that 's low on both suspense and payoff .,negative
Baby-faced Renner is eerily convincing as this bland blank of a man with unimaginable demons within .,positive
Kapur 's contradictory feelings about his material result in a movie that works against itself .,negative
"Hollywood Ending is not show-stoppingly hilarious , but scathingly witty nonetheless .",positive
A heroic tale of persistence that is sure to win viewers ' hearts .,very positive
"Louiso lets the movie dawdle in classic disaffected-indie-film mode , and brother Hoffman 's script stumbles over a late-inning twist that just does n't make sense .",negative
"A genuinely funny ensemble comedy that also asks its audience -- in a heartwarming , nonjudgmental kind of way -- to consider what we value in our daily lives .",very positive
There 's a whole heap of nothing at the core of this slight coming-of-age\/coming-out tale .,negative
"I have no problem with `` difficult '' movies , or movies that ask the audience to meet them halfway and connect the dots instead of having things all spelled out .",neutral
"A movie that will surely be profane , politically charged music to the ears of Cho 's fans .",positive
"Evokes a palpable sense of disconnection , made all the more poignant by the incessant use of cell phones .",positive
"Then again , in a better movie , you might not have noticed .",very negative
"In the end , Tuck Everlasting falls victim to that everlasting conundrum experienced by every human who ever lived : too much to do , too little time to do it in .",negative
A sobering and powerful documentary about the most severe kind of personal loss : rejection by one 's mother .,positive
"Worthless , from its pseudo-rock-video opening to the idiocy of its last frames .",very negative
"In the real world , an actor this uncharismatically beautiful would have a résumé loaded with credits like `` Girl in Bar # 3 . ''",negative
An overly melodramatic but somewhat insightful French coming-of-age film ...,neutral
Anyone else seen this before ?,neutral
"About Schmidt is Nicholson 's goofy , heartfelt , mesmerizing King Lear .",positive
"A dull , dumb and derivative horror film .",very negative
"Barry convinces us he 's a dangerous , secretly unhinged guy who could easily have killed a president because it made him feel powerful .",very positive
The movie is too impressed with its own solemn insights to work up much entertainment value .,negative
"The film fits into a genre that has been overexposed , redolent of a thousand cliches , and yet remains uniquely itself , vibrant with originality .",positive
"LaBute ca n't avoid a fatal mistake in the modern era : He 's changed the male academic from a lower-class Brit to an American , a choice that upsets the novel 's exquisite balance and shreds the fabric of the film .",neutral
"Sinks into the usual cafeteria goulash of fart jokes , masturbation jokes , and racist Japanese jokes .",neutral
Mildly entertaining .,neutral
A smart little indie .,positive
"For casual moviegoers who stumble into Rules expecting a slice of American Pie hijinks starring the kid from Dawson 's Creek , they 'll probably run out screaming .",negative
A clever script and skilled actors bring new energy to the familiar topic of office politics .,positive
Stevens ' vibrant creative instincts are the difference between this and countless other flicks about guys and dolls .,positive
"It 's truly awful and heartbreaking subject matter , but one whose lessons are well worth revisiting as many times as possible .",positive
"I am not generally a huge fan of cartoons derived from TV shows , but Hey Arnold !",positive
"Everything about The Quiet American is good , except its timing .",positive
"Despite its Hawaiian setting , the science-fiction trimmings and some moments of rowdy slapstick , the basic plot of `` Lilo '' could have been pulled from a tear-stained vintage Shirley Temple script .",negative
Those of you who are not an eighth grade girl will most likely doze off during this one .,very negative
"Tykwer 's surface flash is n't just a poor fit with Kieslowski 's lyrical pessimism ; it completely contradicts everything Kieslowski 's work aspired to , including the condition of art .",very negative
Highly uneven and inconsistent ... Margarita Happy Hour kinda resembles the el cheapo margaritas served within .,very negative
Highly watchable stuff .,very positive
"Mastering its formidable arithmetic of cameras and souls , Group articulates a flood of emotion .",positive
"It is a happy , heady jumble of thought and storytelling , an insane comic undertaking that ultimately coheres into a sane and breathtakingly creative film .",very positive
Ali 's graduation from little screen to big is far less painful than his opening scene encounter with an over-amorous terrier .,neutral
This is a film tailor-made for those who when they were in high school would choose the Cliff-Notes over reading a full-length classic .,negative
"entertaining enough , but nothing new",negative
"It 's rare to find a film to which the adjective ` gentle ' applies , but the word perfectly describes Pauline & Paulette .",positive
Weiss and Speck never make a convincing case for the relevance of these two 20th-century footnotes .,neutral
But the movie that does n't really deliver for country music fans or for family audiences,very negative
"The movie is well crafted , and well executed .",very positive
Earnest and tentative even when it aims to shock .,neutral
Needs more impressionistic cinematography and exhilarating point-of-view shots and fewer slow-motion ` grandeur ' shots and quick-cut edits that often detract from the athleticism .,negative
"The images lack contrast , are murky and are frequently too dark to be decipherable .",negative
It also shows how deeply felt emotions can draw people together across the walls that might otherwise separate them .,positive
"It 's a spectacular performance - ahem , we hope it 's only acting .",positive
Predictable storyline and by-the-book scripting is all but washed away by sumptuous ocean visuals and the cinematic stylings of director John Stockwell .,positive
It 's fairly solid -- not to mention well edited so that it certainly does n't feel like a film that strays past the two and a half mark .,positive
"A movie that both thrills the eye and , in its over-the-top way , touches the heart .",very positive
"is the kind of movie that 's critic-proof , simply because it aims so low .",negative
The Sundance Film Festival has become so buzz-obsessed that fans and producers descend upon Utah each January to ferret out The Next Great Thing .,neutral
"That Jack Nicholson makes this man so watchable is a tribute not only to his craft , but to his legend .",very positive
"Passions , obsessions , and loneliest dark spots are pushed to their most virtuous limits , lending the narrative an unusually surreal tone .",positive
Simply does n't have sufficient heft to justify its two-hour running time .,neutral
Superb production values & Christian Bale 's charisma make up for a derivative plot .,positive
An awful movie that will only satisfy the most emotionally malleable of filmgoers .,very negative
"If Disney 's Cinderella proved that ' a dream is a wish your heart makes , ' then Cinderella II proves that a nightmare is a wish a studio 's wallet makes .",negative
"It has no affect on the Kurds , but it wore me down .",negative
"With elements cribbed from Lang 's Metropolis , Welles ' Kane , and Eisenstein 's Potemkin , the true wonder of Rintarô 's Metropolis is the number of lasting images all its own .",neutral
"O.K. , not really .",neutral
"If swimfan does catch on , it may be because teens are looking for something to make them laugh .",negative
there is truth here,positive
Taken outside the context of the current political climate ( see : terrorists are more evil than ever ! ),negative
The troubling thing about Clockstoppers is that it does n't make any sense .,negative
It all looks and plays like a $ 40 million version of a game you 're more likely to enjoy on a computer .,negative
"Successfully blended satire , high camp and yet another sexual taboo into a really funny movie .",positive
It 's a satisfying summer blockbuster and worth a look .,positive
"What Bloody Sunday lacks in clarity , it makes up for with a great , fiery passion .",neutral
"Like The English Patient and The Unbearable Lightness of Being , The Hours is one of those reputedly `` unfilmable '' novels that has bucked the odds to emerge as an exquisite motion picture in its own right .",positive
"( A ) soulless , stupid sequel ...",very negative
"A bittersweet film , simple in form but rich with human events .",positive
As refreshing as a drink from a woodland stream .,positive
"A fantastically vital movie that manages to invest real humor , sensuality , and sympathy into a story about two adolescent boys .",very positive
More of an intriguing curiosity than a gripping thriller .,neutral
"Unless you come in to the film with a skateboard under your arm , you 're going to feel like you were n't invited to the party .",negative
One of the very best movies ever made about the life of moviemaking .,very positive
"In Moonlight Mile , no one gets shut out of the hug cycle .",neutral
"If cinema had been around to capture the chaos of France in the 1790 's , one imagines the result would look like something like this .",positive
"Kitschy , flashy , overlong soap opera .",very negative
Samuel L. Jackson is one of the best actors there is .,very positive
The story has little wit and no surprises .,negative
Represents a worthy departure from the culture clash comedies that have marked an emerging Indian American cinema .,positive
"The story that emerges has elements of romance , tragedy and even silent-movie comedy .",positive
Even the digressions are funny .,positive
The thought of watching this film with an audience full of teenagers fixating on its body humour and reinforcement of stereotypes ( of which they 'll get plenty ) fills me with revulsion .,very negative
A perfectly competent and often imaginative film that lacks what little Lilo & Stitch had in spades -- charisma .,neutral
The film is a verbal duel between two gifted performers .,very positive
You could easily mistake it for a sketchy work-in-progress that was inexplicably rushed to the megaplexes before its time .,very negative
Oscar caliber cast does n't live up to material,negative
"While Hollywood Ending has its share of belly laughs ( including a knockout of a closing line ) , the movie winds up feeling like a great missed opportunity .",negative
"Impossible as it may sound , this film 's heart is even more embracing than Monty , if only because it accepts nasty behavior and severe flaws as part of the human condition .",very positive
The comedy Death to Smoochy is a rancorous curiosity : a movie without an apparent audience .,negative
"The film is a blunt indictment , part of a perhaps surreal campaign to bring Kissinger to trial for crimes against humanity .",neutral
Fresnadillo has something serious to say about the ways in which extravagant chance can distort our perspective and throw us off the path of good sense .,positive
This one is strictly a lightweight escapist film .,neutral
Pretend it 's a werewolf itself by avoiding eye contact and walking slowly away .,negative
All of the filmmakers ' calculations ca n't rescue Brown Sugar from the curse of blandness .,very negative
"A headline-fresh thriller set among orthodox Jews on the West Bank , Joseph Cedar 's Time Of Favor manages not only to find a compelling dramatic means of addressing a complex situation , it does so without compromising that complexity .",positive
"Told in scattered fashion , the movie only intermittently lives up to the stories and faces and music of the men who are its subject .",negative
"Until it goes off the rails in its final 10 or 15 minutes , Wendigo , Larry Fessenden 's spooky new thriller , is a refreshingly smart and newfangled variation on several themes derived from far less sophisticated and knowing horror films .",positive
What makes the movie special is its utter sincerity .,positive
"It may not be particularly innovative , but the film 's crisp , unaffected style and air of gentle longing make it unexpectedly rewarding .",positive
At its best ( and it does have some very funny sequences ) Looking for Leonard reminds you just how comically subversive silence can be .,neutral
` Tobey Maguire is a poster boy for the geek generation . ',neutral
Hey Arnold !,neutral
The fact that the ` best part ' of the movie comes from a 60-second homage to one of Demme 's good films does n't bode well for the rest of it .,negative
"The best didacticism is one carried by a strong sense of humanism , and Bertrand Tavernier 's oft-brilliant Safe Conduct ( `` Laissez-passer '' ) wears its heart on its sleeve .",very positive
"A thoughtful and surprisingly affecting portrait of a screwed-up man who dared to mess with some powerful people , seen through the eyes of the idealistic kid who chooses to champion his ultimately losing cause .",very positive
"Too much of the movie feels contrived , as if the filmmakers were worried the story would n't work without all those gimmicks .",negative
"Anyone else who may , for whatever reason , be thinking about going to see this movie is hereby given fair warning .",negative
is significantly less charming than listening to a four-year-old with a taste for exaggeration recount his Halloween trip to the Haunted House .,very negative
Surprisingly insightful,positive
A less-than-thrilling thriller .,very negative
The vistas are sweeping and the acting is far from painful .,neutral
A wildly entertaining scan of Evans ' career .,very positive
"With an admirably dark first script by Brent Hanley , Paxton , making his directorial feature debut , does strong , measured work .",very positive
"For all of its insights into the dream world of teen life , and its electronic expression through cyber culture , the film gives no quarter to anyone seeking to pull a cohesive story out of its 2 1\/2 - hour running time .",very negative
"The messy emotions raging throughout this three-hour effort are instantly recognizable , allowing the film to paradoxically feel familiar and foreign at the same time .",neutral
"Even though it 's common knowledge that Park and his founding partner , Yong Kang , lost Kozmo in the end , you ca n't help but get caught up in the thrill of the company 's astonishing growth .",positive
"With tiny little jokes and nary an original idea , this sappy ethnic sleeper proves that not only blockbusters pollute the summer movie pool .",negative
"An intelligent and deeply felt work about impossible , irrevocable choices and the price of making them .",very positive
"Like any good romance , Son of the Bride , proves it 's never too late to learn .",positive
The same should go for movie theaters .,neutral
Entertainment more disposable than Hanna-Barbera 's half-hour cartoons ever were .,neutral
The film was immensely enjoyable thanks to great performances by both Steve Buscemi and Rosario Dawson ...,very positive
"Everyone 's insecure in Lovely and Amazing , a poignant and wryly amusing film about mothers , daughters and their relationships .",very positive
Rodriguez has the chops of a smart-aleck film school brat and the imagination of a big kid ...,positive
"A series of escapades demonstrating the adage that what is good for the goose is also good for the gander , some of which occasionally amuses but none of which amounts to much of a story .",negative
"Ice Age is the first computer-generated feature cartoon to feel like other movies , and that makes for some glacial pacing early on .",neutral
"Driven by a fantastic dual performance from Ian Holm ... the film is funny , insightfully human and a delightful lark for history buffs .",very positive
"My precious new Star Wars movie is a lumbering , wheezy drag ...",very negative
"Time literally stops on a dime in the tries-so-hard-to-be-cool `` Clockstoppers , '' but that does n't mean it still wo n't feel like the longest 90 minutes of your movie-going life .",very negative
"Indeed , none of these words really gets at the very special type of badness that is Deuces Wild .",neutral
"Too damn weird to pass up , and for the blacklight crowd , way cheaper ( and better ) than Pink Floyd tickets .",positive
A pure participatory event that malnourished intellectuals will gulp down in a frenzy .,neutral
"And thanks to Kline 's superbly nuanced performance , that pondering is highly pleasurable .",very positive
It is hard not to be especially grateful for freedom after a film like this .,positive
It 's a documentary that says that the alternate sexuality meant to set you free may require so much relationship maintenance that celibacy can start looking good .,neutral
"Ultimately , `` MIB II '' succeeds due to its rapid-fire delivery and enough inspired levity that it ca n't be dismissed as mindless .",positive
Not one moment in the enterprise did n't make me want to lie down in a dark room with something cool to my brow .,neutral
A dark comedy that goes for sick and demented humor simply to do so .,negative
A delightful entree in the tradition of food movies .,very positive
"The acting is just fine , but there 's not enough substance here to sustain interest for the full 90 minutes , especially with the weak payoff .",negative
"Kids will love its fantasy and adventure , and grownups should appreciate its whimsical humor .",very positive
"The actors are simply too good , and the story too intriguing , for technical flaws to get in the way .",very positive
"No one can doubt the filmmakers ' motives , but The Guys still feels counterproductive .",negative
I 'm sure there 's a teenage boy out there somewhere who 's dying for this kind of entertainment .,negative
The script is too mainstream and the psychology too textbook to intrigue .,negative
"Contrived as this may sound , Mr. Rose 's updating works surprisingly well .",positive
Funny and also heartwarming without stooping to gooeyness .,positive
Maid in Manhattan proves that it 's easier to change the sheets than to change hackneyed concepts when it comes to dreaming up romantic comedies .,very negative
"If Signs is a good film , and it is , the essence of a great one is in there somewhere .",neutral
"S1M0NE 's satire is not subtle , but it is effective .",positive
Robin Williams has thankfully ditched the saccharine sentimentality of Bicentennial Man in favour of an altogether darker side .,positive
Michel Piccoli 's moving performance is this films reason for being .,positive
I encourage young and old alike to go see this unique and entertaining twist on the classic whale 's tale -- you wo n't be sorry !,very positive
"Perhaps not since Nelson Eddy crooned his Indian Love Call to Jeanette MacDonald has there been a movie so unabashedly Canadian , not afraid to risk American scorn or disinterest .",neutral
Igby Goes Down is one of those movies .,neutral
"As a girl-meets-girl romantic comedy , Kissing Jessica Steinis quirky , charming and often hilarious .",very positive
It is n't that Stealing Harvard is a horrible movie -- if only it were that grand a failure !,very negative
"Tsai has a well-deserved reputation as one of the cinema world 's great visual stylists , and in this film , every shot enhances the excellent performances .",positive
